aveInf_Rate_2D,alphaI_2D,betaI_2D,aveRec_Rate,alphaR,betaR
0.726293,15.000000,1.425815,0.500000,15.000000,2.071118
