lamEff_2D,alphaI_2D,betaI_2D,alphaR,betaR
0.630000,15.000000,1.425815,15.000000,2.071118
